,oid,classALeRCE,ra,dec,source,id_source
7423,ZTF18aavskgy,DSCT,232.030550705797,6.1340094316425136,CRTSnorth,1107082013779.0
7424,ZTF18abjtfgt,DSCT,258.36350435736847,10.832235606023398,CRTSnorth,1109092108753.0
7425,ZTF18aabeshx,DSCT,250.89570008180283,31.832945092857145,CRTSnorth,1132077023167.0
7426,ZTF18aaimxgk,DSCT,265.9080584290815,38.07116852273242,CRTSnorth,1138077052913.0
7427,ZTF18abdfgxc,DSCT,243.7082326308333,21.80488620458333,CRTSnorth,1121082055485.0
7428,ZTF18abwpfnx,DSCT,351.96054868083326,-6.169774112222222,CRTSnorth,1007125041907.0
7429,ZTF18abtsxdh,DSCT,26.65483274022989,-14.38836553065136,CRTSnorth,1015010042945.0
7430,ZTF18abwwfzk,DSCT,325.7014046234847,-4.28058975,CRTSnorth,1004116037935.0
7431,ZTF17aaaprnb,DSCT,186.2163152617645,31.927166708169917,CRTSnorth,1132057017287.0
7432,ZTF18aabitbq,DSCT,110.445030061111,27.93470140555553,CRTSnorth,1126036085490.0
7433,ZTF18achdmdu,DSCT,124.82148715980384,-0.5925987417483662,CRTSnorth,1001045078413.0
7434,ZTF17aaawmhh,DSCT,323.7998264733332,0.6225113811111113,CRTSnorth,1101116018411.0
7435,ZTF18aayknfc,DSCT,228.2248001272725,23.296826596464648,CRTSnorth,1123075017829.0
7436,ZTF18aakdszt,DSCT,180.15577484548007,12.468151925800395,CRTSnorth,1112064025461.0
7437,ZTF18abccnjp,DSCT,327.9680620425,17.745392143333333,CRTSnorth,1118113027676.0
7438,ZTF18aabejwr,DSCT,252.163718260465,30.462515858397943,CRTSnorth,1129080074890.0
7439,ZTF18aaaebwt,DSCT,18.832836102255648,41.651197388262304,CRTSnorth,1140006071457.0
7440,ZTF18absgqdj,DSCT,342.9224394842593,-12.6092311925926,CRTSnorth,1012121028876.0
7441,ZTF18aaabngk,DSCT,116.4655574554455,48.00501518531354,CRTSnorth,1149028001290.0
7442,ZTF18acfwvvi,DSCT,26.116582764999983,37.98157022847221,CRTSnorth,1138008038142.0
7443,ZTF18aayzpkf,DSCT,259.500930505769,15.265390365064087,CRTSnorth,1115090047624.0
7444,ZTF18aborofo,DSCT,313.32770388421034,5.8619453330409375,CRTSnorth,1107111010470.0
7445,ZTF18abmwzvr,DSCT,251.32401375,17.545031737373755,CRTSnorth,1118086020986.0
7446,ZTF18abnjuts,DSCT,247.261207906,-1.5177144804444445,CRTSnorth,1001088047595.0
7447,ZTF18abilooq,DSCT,331.01002953571447,14.36424321738818,CRTSnorth,1115115008348.0
7448,ZTF18acqowix,DSCT,134.1516839232145,-2.426406806349208,CRTSnorth,1001048011843.0
7449,ZTF18aajtdek,DSCT,264.2535432222224,25.53639756944443,CRTSnorth,1126086006708.0
7450,ZTF17aadrsrp,DSCT,74.58507363333334,21.41104949319924,CRTSnorth,1121026067478.0
7451,ZTF18abncckg,DSCT,350.68183905444425,39.8138092788889,CRTSnorth,1140097010874.0
7452,ZTF17aaaronn,DSCT,76.02159006245955,3.2975876187702284,CRTSnorth,1104028016973.0
7453,ZTF18abwwtbe,DSCT,355.3284859663118,0.7152305303782505,CRTSnorth,1101127014653.0
7454,ZTF18abnnczm,DSCT,350.0156292934521,38.870525565476186,CRTSnorth,1138101073222.0
7455,ZTF18acqowiw,DSCT,134.151676780851,-2.426352939479908,CRTSnorth,1001048011843.0
7456,ZTF18absoifw,DSCT,5.9118190566666655,28.62921855499999,CRTSnorth,1129002011053.0
7457,ZTF18abcqkan,DSCT,259.9265304589744,15.145618371794884,CRTSnorth,1115090042682.0
7458,ZTF17aacxftb,DSCT,108.04758767845532,35.03494987865855,CRTSnorth,1135032041825.0
7459,ZTF18aaakpoe,DSCT,39.34568825869565,38.47980798714974,CRTSnorth,1138012062217.0
7460,ZTF18adbltnm,DSCT,328.437880025,-10.056552126388889,CRTSnorth,1009116033109.0
7461,ZTF18acwymwj,DSCT,173.2432994166665,-3.5351789227777783,CRTSnorth,1004062040881.0
7462,ZTF18acnafqj,DSCT,56.176298305555534,28.934273699999995,CRTSnorth,1129018023334.0
7463,ZTF18aabgbrl,DSCT,75.71474540561401,23.96889224964913,CRTSnorth,1123025059283.0
7464,ZTF18aaaedwu,DSCT,74.65512215378787,23.97744703207072,CRTSnorth,1123025058970.0
7465,ZTF17aabstjx,DSCT,106.09181350701763,48.24385838567251,CRTSnorth,1149026011514.0
7466,ZTF18aabibiy,DSCT,103.44023507880448,61.2115082929348,CRTSnorth,1160019061513.0
7467,ZTF18abtjnkv,DSCT,317.93852549291665,-10.27604164,CRTSnorth,1009113031133.0
7468,ZTF17aabumay,DSCT,40.200903571875,-7.104812761874999,CRTSnorth,1007015027096.0
7469,ZTF18acrvrsk,DSCT,88.20503040833331,-1.7986953219047632,CRTSnorth,1001032039148.0
7470,ZTF18acrwodz,DSCT,80.94241316953125,-10.170216535850695,CRTSnorth,1009029030333.0
7471,ZTF18aagcbiv,DSCT,121.25835499814828,19.787794579629647,CRTSnorth,1121041001620.0
7472,ZTF18aaaegrb,DSCT,32.937968944131434,37.17733814100156,CRTSnorth,1138010014972.0
7473,ZTF18aabfdge,DSCT,24.91988042125709,41.193714752142185,CRTSnorth,1140007054160.0
7474,ZTF18acszzfn,DSCT,91.86294719015152,-10.708134409848467,CRTSnorth,1009033022066.0
7475,ZTF18aaaatwk,DSCT,65.90538705912697,34.31117058452382,CRTSnorth,1135020020540.0
7476,ZTF18aaabtrn,DSCT,123.87313258402769,12.185403599999985,CRTSnorth,1112044025619.0
7477,ZTF18aaabbea,DSCT,111.68186470367232,41.58966644039546,CRTSnorth,1140031065986.0
7478,ZTF18aaabblq,DSCT,113.202875123718,47.14111106923079,CRTSnorth,1146029049019.0
7479,ZTF18aabcyfa,DSCT,183.8387437527213,24.796701076303872,CRTSnorth,1123061046982.0
7480,ZTF18aabjzye,DSCT,126.41457581754383,8.079938818128653,CRTSnorth,1107045074005.0
7481,ZTF18aagrmsw,DSCT,226.8388077556633,9.299515405393745,CRTSnorth,1109081021295.0
7482,ZTF18abdfbef,DSCT,264.63984954909904,15.026277596396415,CRTSnorth,1115092046617.0
7483,ZTF18acqyoob,DSCT,133.46187135813014,0.5800906142276421,CRTSnorth,1101048016154.0
7484,ZTF18aaapayr,DSCT,203.04709205751635,15.932895246732034,CRTSnorth,1115070038115.0
7485,ZTF18abadjcy,DSCT,321.5382313958877,14.888549960101006,CRTSnorth,1115111031494.0
7486,ZTF18acuewdt,DSCT,222.22646878397416,4.981432083547007,CRTSnorth,1104080055207.0
7487,ZTF17aaafffc,DSCT,36.16221209645391,26.3504709388298,CRTSnorth,1126012023417.0
7488,ZTF18aagrmsd,DSCT,232.4171474237786,13.982080873419536,CRTSnorth,1112082073648.0
7489,ZTF17aaadqfm,DSCT,343.4968487025643,2.080122490854704,CRTSnorth,1101123043846.0
7490,ZTF18aborxux,DSCT,339.95606512101466,13.905097678743957,CRTSnorth,1112119065112.0
7491,ZTF18abxfdtj,DSCT,12.845816228861768,29.8555293195122,CRTSnorth,1129005042000.0
7492,ZTF18achsctp,DSCT,83.49110036904763,-14.751866007936506,CRTSnorth,1015029058210.0
7493,ZTF18adcaxtr,DSCT,217.56169769166667,-18.407075158888887,CRTSnorth,1018075037245.0
7494,ZTF18aabpgie,DSCT,158.89417046244117,9.498427133333331,CRTSnorth,1109057021737.0
7495,ZTF18aalpbfy,DSCT,153.01515749035067,26.687354323391794,CRTSnorth,1126050026686.0
7496,ZTF18acwydcu,DSCT,180.3949227593137,-1.8210670241830087,CRTSnorth,1001065022168.0
7497,ZTF18acvkant,DSCT,214.6528414335587,-6.627072586486484,CRTSnorth,1007076043699.0
7498,ZTF18aaiyurs,DSCT,259.0606036572274,40.05062252350051,CRTSnorth,1140072017675.0
7499,ZTF18absqipj,DSCT,36.0909242106383,32.78899343552007,CRTSnorth,1132012047980.0
7500,ZTF17aadrlrm,DSCT,73.431128518018,18.78683740705705,CRTSnorth,1118026066745.0
7501,ZTF18aaaculo,DSCT,119.29585624903852,2.9408458954059844,CRTSnorth,1104043004906.0
7502,ZTF18abnwcrb,DSCT,257.0612892424243,52.89815099242424,CRTSnorth,1152058060435.0
7503,ZTF18aaacwxz,DSCT,158.20636110333334,39.10507474611112,CRTSnorth,1138046049750.0
7504,ZTF18abnncey,DSCT,11.654510454263589,18.48418906808785,CRTSnorth,1118004032272.0
7505,ZTF18abvfiqy,DSCT,52.80525350375,-14.038666845277774,CRTSnorth,1012019001871.0
7506,ZTF19abyjmrz,DSCT,83.49106940833333,-14.751764251388906,CRTSnorth,1015029058210.0
7507,ZTF18abotffk,DSCT,56.17628222264955,28.934370697863244,CRTSnorth,1129018023334.0
7508,ZTF18aaenyba,DSCT,113.81060311666668,36.594798894871786,CRTSnorth,1135034089439.0
7509,ZTF18adalmaf,DSCT,231.0186619185183,-9.116427798148148,CRTSnorth,1009082063592.0
7510,ZTF18aabgbuu,DSCT,57.83451750301725,30.1128357728448,CRTSnorth,1129019065908.0
7511,ZTF18accnflx,DSCT,150.30407290701734,11.59615489269006,CRTSnorth,1112053006152.0
7512,ZTF17aadhxtx,DSCT,72.29031897466665,23.50391954262624,CRTSnorth,1123024035616.0
7513,ZTF17aaajsnf,DSCT,37.57656693120568,37.63449933622936,CRTSnorth,1138011031025.0
7514,ZTF18acnmlpw,DSCT,71.27763441523807,2.300094214126984,CRTSnorth,1101026062332.0
7515,ZTF18aabhkrc,DSCT,99.95317431123186,46.95422491038648,CRTSnorth,1146025067687.0
7516,ZTF17aabstrd,DSCT,111.079950909032,38.88975042741935,CRTSnorth,1138032074447.0
7517,ZTF18aabfffq,DSCT,59.94674245421685,32.84342450923694,CRTSnorth,1132019070454.0
7518,ZTF17aacgott,DSCT,56.21740853768115,17.27629835241548,CRTSnorth,1118020007873.0
7519,ZTF17aadgxjr,DSCT,66.98081665289854,10.43773366,CRTSnorth,1109024046363.0
7520,ZTF18aaybrys,DSCT,246.60076665,13.393509039923387,CRTSnorth,1112087069892.0
7521,ZTF17aacxkqz,DSCT,116.173421114,32.26731500355555,CRTSnorth,1132036036971.0
7522,ZTF17aadhmss,DSCT,138.71812839337915,34.30960870407152,CRTSnorth,1135041009551.0
7523,ZTF18acgcrwx,DSCT,43.91623586897437,31.75520464495726,CRTSnorth,1132014019897.0
7524,ZTF19aadahas,DSCT,249.9858466239584,-2.0943379576388885,CRTSnorth,1001089028452.0
7525,ZTF18aaactwe,DSCT,130.91177460324485,39.52421005658799,CRTSnorth,1140036001107.0
7526,ZTF17aacnrai,DSCT,33.23811948242006,-12.058831252968016,CRTSnorth,1012012036878.0
7527,ZTF18aaabjni,DSCT,131.61542313333334,24.588041887164746,CRTSnorth,1123044045283.0
7528,ZTF18acjwjcs,DSCT,11.654469448039231,18.48425182581701,CRTSnorth,1118004032272.0
7529,ZTF18aaacikw,DSCT,132.4230181810345,20.752640857471285,CRTSnorth,1121045023248.0
7530,ZTF18abklcak,DSCT,245.6817531465515,0.0842792762452107,CRTSnorth,1101088003606.0
7531,ZTF18adbafxu,DSCT,228.3242915112744,-12.025403272222226,CRTSnorth,1012080060617.0
7532,ZTF18achogsx,DSCT,44.137301545535706,37.402910668650776,CRTSnorth,1138013025463.0
7533,ZTF18aaadqto,DSCT,32.16298444402517,19.198903355083857,CRTSnorth,1118011048555.0
7534,ZTF18abdzufj,DSCT,259.5010177334585,15.265367146115285,CRTSnorth,1115090047624.0
7535,ZTF18acaaixl,DSCT,264.2535262317948,25.53638520991452,CRTSnorth,1126086006708.0
7536,ZTF18aaaqqtc,DSCT,126.41451218240734,8.079930584259259,CRTSnorth,1107045074005.0
7537,ZTF17aaagyqw,DSCT,82.07081907000003,4.358271195,CRTSnorth,1104030063217.0
7538,ZTF18acrvsaz,DSCT,77.46383350333333,4.215141219722222,CRTSnorth,1104028048889.0
7539,ZTF17aaatbhy,DSCT,78.44368665333334,6.990095139444442,CRTSnorth,1107028049416.0
7540,ZTF18aaafruj,DSCT,99.95329362820507,46.954186343162384,CRTSnorth,1146025067687.0
7541,ZTF18aaachtd,DSCT,123.3396590359755,10.17346713536585,CRTSnorth,1109044051880.0
7542,ZTF18aaailjw,DSCT,131.54228779126998,43.07528962222222,CRTSnorth,1143035016004.0
7543,ZTF17aaaoyvt,DSCT,130.07606891127432,16.609309769771237,CRTSnorth,1115045063220.0
7544,ZTF18aavsleg,DSCT,236.32758748844063,16.680826373387102,CRTSnorth,1115082069318.0
7545,ZTF18aagrglf,DSCT,260.97497893910264,31.577375585256437,CRTSnorth,1132080019344.0
7546,ZTF18abikbaq,DSCT,267.97433598333333,42.30424578888889,CRTSnorth,1140074104076.0
7547,ZTF17aaaipcy,DSCT,121.1670705636365,20.27102429671718,CRTSnorth,1121041014887.0
7548,ZTF18adbimpb,DSCT,240.4652900238993,-0.9838205039832284,CRTSnorth,1001086055541.0
7549,ZTF18aakvwbk,DSCT,257.0614695092593,52.89810324814814,CRTSnorth,1152058060435.0
7550,ZTF18aakofdw,DSCT,218.9158847890245,21.97578866802168,CRTSnorth,1121074051375.0
7551,ZTF18aaadiyz,DSCT,158.717360222059,27.49521223986927,CRTSnorth,1126052043507.0
7552,ZTF18acewjqm,DSCT,86.7458180425926,-13.71005149814815,CRTSnorth,1012031013328.0
7553,ZTF18abmougu,DSCT,249.9858550817204,-2.0942736921146943,CRTSnorth,1001089028452.0
7554,ZTF18aaylauq,DSCT,247.07858741099284,3.447526412884163,CRTSnorth,1104088022603.0
7555,ZTF17aadkesv,DSCT,146.77349729425262,32.0319466672414,CRTSnorth,1132045021748.0
7556,ZTF18acryhdc,DSCT,206.0226621746375,-6.07333548043478,CRTSnorth,1007073053780.0
7557,ZTF18aaaolsj,DSCT,198.346208993077,17.315916678547026,CRTSnorth,1118068008078.0
7558,ZTF17aabtslu,DSCT,144.33395820476184,23.59965105976188,CRTSnorth,1123048021898.0
7559,ZTF18aaahqxp,DSCT,148.64066759979684,18.47640105758807,CRTSnorth,1118051032542.0
7560,ZTF18aaajkrt,DSCT,156.8095943901667,20.99543252761111,CRTSnorth,1121053025257.0
7561,ZTF18abdfgur,DSCT,242.0764291318184,1.9462382439393933,CRTSnorth,1101087067606.0
7562,ZTF18aaqnroo,DSCT,230.4479298588653,6.272473075059104,CRTSnorth,1107082017164.0
7563,ZTF18abdeaha,DSCT,257.23445246666665,19.87918838758171,CRTSnorth,1121087005140.0
7564,ZTF17aadewgn,DSCT,125.98921003124984,31.699609142361087,CRTSnorth,1132039017131.0
7565,ZTF18abmoufn,DSCT,252.1789000778984,-2.9489268776570072,CRTSnorth,1004090120042.0
7566,ZTF18aaumbri,DSCT,237.6620091020327,6.036383857452575,CRTSnorth,1107084011291.0
7567,ZTF17aaagzbt,DSCT,77.72122731193694,7.289565601801803,CRTSnorth,1107028061130.0
7568,ZTF18aaaeung,DSCT,80.00271177131408,8.835613725694444,CRTSnorth,1109029013375.0
7569,ZTF17aaasayx,DSCT,82.07087555088654,4.3582347180851055,CRTSnorth,1104030063217.0
7570,ZTF18aagwgso,DSCT,255.7326846319952,40.29500989164639,CRTSnorth,1140071024308.0
7571,ZTF17aacenvb,DSCT,123.94051467605652,26.813114514162745,CRTSnorth,1126040038281.0
7572,ZTF18aaahsen,DSCT,148.64065389619034,18.476461207936524,CRTSnorth,1118051032542.0
7573,ZTF18acwyyuq,DSCT,221.22044329010413,-9.424530144965278,CRTSnorth,1009079044752.0
7574,ZTF18abcqkal,DSCT,259.92646601416686,15.145689335833335,CRTSnorth,1115090042682.0
7575,ZTF18abccmic,DSCT,315.46030374157897,8.328488840409358,CRTSnorth,1107112111849.0
7576,ZTF18achaezf,DSCT,316.7695552770833,1.6514795986111128,CRTSnorth,1101113061776.0
7577,ZTF18abktxxa,DSCT,234.00839847440497,11.116206831150803,CRTSnorth,1109083075829.0
7578,ZTF18adbagci,DSCT,225.00080715288448,-14.284783488247855,CRTSnorth,1015078072747.0
7579,ZTF18aauymvh,DSCT,248.97092675,9.597172514457831,CRTSnorth,1109088039490.0
7580,ZTF18aagrkrh,DSCT,266.68247315067657,28.92596102005075,CRTSnorth,1129084029541.0
7581,ZTF18abaxyog,DSCT,260.647723804701,21.452542182478656,CRTSnorth,1121088069027.0
7582,ZTF18ablrmfq,DSCT,257.97839081515133,9.429517551803752,CRTSnorth,1109092046103.0
7583,ZTF18abagulj,DSCT,249.7265779089743,18.744792586111128,CRTSnorth,1118086059635.0
7584,ZTF18abvhyrz,DSCT,314.4373592541668,3.3680791027777794,CRTSnorth,1104112023013.0
7585,ZTF18absnpst,DSCT,318.3095952439392,3.506080939696968,CRTSnorth,1104114025241.0
7586,ZTF18acetjae,DSCT,313.9167737950981,-2.0558284261437887,CRTSnorth,1001112030395.0
7587,ZTF18abcoywv,DSCT,339.5158777319818,24.42582361831833,CRTSnorth,1123112053753.0
7588,ZTF17aabworr,DSCT,210.5778394253333,39.63912620253966,CRTSnorth,1140058003384.0
7589,ZTF18aajbphj,DSCT,267.9743363883333,42.30418600107639,CRTSnorth,1140074104076.0
7590,ZTF18abkeqpn,DSCT,260.89822554125,7.304149146458332,CRTSnorth,1107093090842.0
7591,ZTF18aagtnzm,DSCT,253.02196503026295,30.41192348055556,CRTSnorth,1129080072895.0
7592,ZTF18abvhysb,DSCT,314.9145525133332,3.0085988733333333,CRTSnorth,1104112008135.0
7593,ZTF18abmeexy,DSCT,314.79221562152804,-3.4723987534722243,CRTSnorth,1004112084966.0
7594,ZTF18abkepwe,DSCT,257.5176309102564,13.847476957478657,CRTSnorth,1112091107673.0
7595,ZTF18aagsiyy,DSCT,233.085283882,30.359950959111096,CRTSnorth,1129074052526.0
7596,ZTF18abdeyfn,DSCT,339.05692653838696,18.521878822043035,CRTSnorth,1118116042982.0
7597,ZTF18abjuifg,DSCT,326.0713838567204,4.156051396684592,CRTSnorth,1104116041293.0
7598,ZTF18abguguy,DSCT,216.7647289238805,14.233602162520723,CRTSnorth,1115075003677.0
7599,ZTF18abvwset,DSCT,328.4378045125,-10.056583332638889,CRTSnorth,1009116033109.0
7600,ZTF18abvwsib,DSCT,324.02979424803937,-1.6448677372549017,CRTSnorth,1001116034836.0
7601,ZTF18abvppwv,DSCT,335.2445844875,1.2805369746527775,CRTSnorth,1101120031871.0
7602,ZTF18ablwclh,DSCT,350.6818351520833,39.813912659722206,CRTSnorth,1140097010874.0
7603,ZTF19aaaqlrs,DSCT,232.0854691555556,-16.165769327777795,CRTSnorth,1015080025181.0
7604,ZTF18aaimwxq,DSCT,265.91707847469684,36.28256578156567,CRTSnorth,1135079091138.0
7605,ZTF18abocbit,DSCT,257.06145398888884,52.89818652013889,CRTSnorth,1152058060435.0
7606,ZTF18aajsxpe,DSCT,260.47814299523816,32.92738465873016,CRTSnorth,1132080067820.0
7607,ZTF18abmkaka,DSCT,250.44310659,17.35125276663084,CRTSnorth,1118086014734.0
7608,ZTF19aaaqohr,DSCT,231.95724337826096,-14.317573849033804,CRTSnorth,1015080084386.0
7609,ZTF18abjuift,DSCT,322.469495311321,-1.1718316615303992,CRTSnorth,1001115050640.0
7610,ZTF18abjgykd,DSCT,324.3920617877193,6.084929010233916,CRTSnorth,1107115013744.0
7611,ZTF18abtxwrb,DSCT,351.1036971484375,-4.2495559282986095,CRTSnorth,1004125027547.0
7612,ZTF18absvbct,DSCT,300.82186415833354,-24.961978575,CRTSsouth,3025137041044.0
7613,ZTF19aargxur,DSCT,292.3128171048075,-20.75176911826925,CRTSsouth,3021137092871.0
7614,ZTF18abntstv,DSCT,298.7051155075755,-21.81037559848485,CRTSsouth,3021140016307.0
7615,ZTF19aayedlp,DSCT,205.42867666304352,-23.0361906326087,CRTSsouth,3023095022149.0
7616,ZTF18acuaiyd,DSCT,50.21362581,-26.98965556333335,CRTSsouth,3027023013859.0
7617,ZTF19aamucit,DSCT,142.606357428261,-21.941974754347854,CRTSsouth,3021067007176.0
7618,ZTF19abbzdhd,DSCT,242.433238055,-21.32833723,CRTSsouth,3021114039548.0
7619,ZTF19aatyqwx,DSCT,224.6974759934785,-24.81627665869565,CRTSsouth,3025102036514.0
7620,ZTF19aardonh,DSCT,228.531058626,-24.519597956,CRTSsouth,3025104053456.0
7621,ZTF19aavxnvr,DSCT,217.883901471795,-22.92606566410255,CRTSsouth,3023101028508.0
7622,ZTF18aaiwqwc,DSCT,242.61103324135505,50.09855131542055,LINEAR,16733767.0
7623,ZTF17aabwttm,DSCT,202.71139988716203,54.12929912905405,LINEAR,9473742.0
7624,ZTF17aabxqmd,DSCT,209.1055810945055,33.977586169230754,LINEAR,10343059.0
7625,ZTF18aajeewf,DSCT,267.04888146688904,59.4593717421111,LINEAR,21010291.0
7626,ZTF18aaxxfai,DSCT,224.2604636833335,4.716743975694445,LINEAR,13175638.0
7627,ZTF18aagrhtb,DSCT,246.50102095363653,34.88938135454545,LINEAR,18385620.0
7628,ZTF19aaapait,DSCT,166.7158315,1.00509253064516,LINEAR,23842791.0
7629,ZTF18aajrnpl,DSCT,245.288441288889,48.63844316367521,LINEAR,18045478.0
7630,ZTF17aabszwz,DSCT,126.55817985789452,53.72034702467105,LINEAR,817360.0
7631,ZTF18aaahyua,DSCT,125.9789191203705,54.62808982333335,LINEAR,565638.0
7632,ZTF18aaavygd,DSCT,202.25306575,29.81071532083335,LINEAR,9345642.0
7633,ZTF18aakpypz,DSCT,212.0193774007245,16.57908877753625,LINEAR,10965014.0
7634,ZTF18aaajwld,DSCT,200.32653354375,18.13944185,LINEAR,8983648.0
7635,ZTF17aaajfab,DSCT,156.7557498125,30.579708321875,LINEAR,22306983.0
7636,ZTF17aaajmse,DSCT,191.07558590445203,52.41956635445205,LINEAR,7611453.0
7637,ZTF18aabkupm,DSCT,200.3264836207865,18.139466044382,LINEAR,8983648.0
7638,ZTF17aabwnck,DSCT,174.17207871893947,31.93729932651515,LINEAR,1937256.0
7639,ZTF18aaavsdf,DSCT,217.7013031125,32.527054264285695,LINEAR,11864369.0
7640,ZTF18aagshwi,DSCT,238.53087046290295,31.63666149475805,LINEAR,15825812.0
7641,ZTF18aaajmty,DSCT,172.9887459925375,17.2789531589552,LINEAR,1499145.0
7642,ZTF17aacnfdx,DSCT,195.8177865863635,20.59803656742425,LINEAR,8085222.0
7643,ZTF18abslvva,DSCT,224.683843935955,0.6750712674157304,LINEAR,13043556.0
7644,ZTF18acrnike,DSCT,208.75813530317453,-0.1000507936507935,LINEAR,10178590.0
7645,ZTF18aaahrqq,DSCT,145.244907427778,9.70058266666667,LINEAR,17103900.0
7646,ZTF18aabtuyn,DSCT,228.25953349807705,44.64112707948721,LINEAR,13966734.0
7647,ZTF18acvvxyi,DSCT,170.967428362136,-12.2306866893204,LINEAR,1149510.0
7648,ZTF18acustpx,DSCT,225.147749703182,4.755525087272725,LINEAR,13179418.0
7649,ZTF18abddnkw,DSCT,267.04907802500003,59.45939713,LINEAR,21010291.0
7650,ZTF17aaaguql,DSCT,129.8833472646065,16.13290711685395,LINEAR,4589162.0
7651,ZTF18aczetin,DSCT,173.02250071355945,-3.807647894915255,LINEAR,1683151.0
7652,ZTF18aaadkrl,DSCT,179.3568224795455,46.27712198954545,LINEAR,2634740.0
7653,ZTF17aackiur,DSCT,214.80021900723705,21.3655001723684,LINEAR,11400604.0
7654,ZTF18aablbgz,DSCT,202.25297849135345,29.81070414661655,LINEAR,9345642.0
7655,ZTF17aabudrl,DSCT,195.817738497183,20.598013957042244,LINEAR,8085222.0
7656,ZTF17aaanrvi,DSCT,149.607155388889,0.0624630922222222,LINEAR,17486338.0
7657,ZTF18aaxtbzv,DSCT,235.66215327907005,4.204269793023253,LINEAR,14996613.0
7658,ZTF18aagtejp,DSCT,252.2317844094035,45.691105068578,LINEAR,19542794.0
7659,ZTF18aaahcdd,DSCT,134.7279753905595,15.369362691258749,LINEAR,5588339.0
7660,ZTF18aaaaalg,DSCT,187.1443908717855,40.0263350375,LINEAR,3844867.0
7661,ZTF17aabwtlx,DSCT,203.95730686714305,26.9213118832143,LINEAR,9328902.0
7662,ZTF17aaaolsr,DSCT,131.4545734379745,12.604362046835451,LINEAR,4860319.0
7663,ZTF17aacksgv,DSCT,156.7558167954025,30.57970308218389,LINEAR,22306983.0
7664,ZTF18aagrgdy,DSCT,248.21390366879453,23.36157449574469,LINEAR,18708328.0
7665,ZTF18aajtknq,DSCT,264.40443575,62.47266352524429,LINEAR,20911596.0
7666,ZTF17aaajomh,DSCT,176.00132091160702,13.8980337674107,LINEAR,2158320.0
7667,ZTF18aabpsir,DSCT,215.12281736307705,48.9564702376923,LINEAR,11570517.0
7668,ZTF17aabxpfh,DSCT,207.67982802663948,27.2037648762295,LINEAR,9943088.0
7669,ZTF18abdfhas,DSCT,243.4897775337605,28.4825076636752,LINEAR,16586778.0
7670,ZTF18acusnvs,DSCT,160.571532911644,5.954395484246574,LINEAR,23076584.0
7671,ZTF17aaajmth,DSCT,202.711434192174,54.12933324652175,LINEAR,9473742.0
7672,ZTF17aaajigz,DSCT,161.063008334375,33.49188630823865,LINEAR,23008936.0
7673,ZTF17aabwtib,DSCT,186.9418709882745,8.28723835575221,LINEAR,3942646.0
7674,ZTF18aaavypu,DSCT,226.54432345568853,45.37956581706585,LINEAR,13606134.0
7675,ZTF17aabxqtl,DSCT,182.432230595625,5.5637243325,LINEAR,3279505.0
7676,ZTF19acectth,DSCT,228.9326521,19.2578779043478,LINEAR,13803333.0
7677,ZTF17aaajoeu,DSCT,192.6575431488095,54.03533395912699,LINEAR,7953994.0
7678,ZTF18aaavksx,DSCT,189.5766284094205,15.878531429347849,LINEAR,4029486.0
7679,ZTF17aabwnhy,DSCT,185.0260048685185,9.256695436574075,LINEAR,3650526.0
7680,ZTF18aaacqpn,DSCT,146.66327922406,19.68924819210525,LINEAR,17195747.0
7681,ZTF18aaakbrf,DSCT,202.51341231219504,43.503557688617896,LINEAR,9424295.0
7682,ZTF17aabtvzr,DSCT,179.12539510452,62.67768289999999,LINEAR,2697597.0
7683,ZTF18aaigqqc,DSCT,204.81268293333355,58.31512766766664,LINEAR,9790684.0
7684,ZTF18aagrcwn,DSCT,236.797007776,30.141567093000003,LINEAR,15383124.0
7685,ZTF18aazhwdh,DSCT,232.370362792562,21.6600037789256,LINEAR,14549195.0
7686,ZTF18aajrqab,DSCT,240.7737015390625,45.92457708020835,LINEAR,16300115.0
7687,ZTF18aavjoey,DSCT,239.2812609426965,5.569594846629214,LINEAR,15920952.0
7688,ZTF18aagtifx,DSCT,223.054846952239,48.4569044910448,LINEAR,12928446.0
7689,ZTF19acarqbe,DSCT,267.0490602578945,59.459311023684215,LINEAR,21010291.0
7690,ZTF17aaajjee,DSCT,164.94871623111098,-1.603545104444445,LINEAR,23683047.0
7691,ZTF18acybloo,DSCT,171.05522984793404,-8.915114561157026,LINEAR,1426326.0
7692,ZTF18adgnfyu,DSCT,145.24490730344846,9.700616453448276,LINEAR,17103900.0
7693,ZTF18abcyuer,DSCT,244.527274098261,21.53778706217389,LINEAR,17873922.0
7694,ZTF18abfgklc,DSCT,233.921459654651,10.172375537209302,LINEAR,14810330.0
7695,ZTF17aabxqxo,DSCT,215.396181878626,19.4000043446565,LINEAR,11375941.0
7696,ZTF18aabtvpn,DSCT,217.6704019604,50.5394641852,LINEAR,11937119.0
7697,ZTF18abmkblj,DSCT,244.4415913411765,15.817799215294102,LINEAR,17812270.0
7698,ZTF18abeakvv,DSCT,242.3154700144445,25.52134058055555,LINEAR,16574303.0
7699,ZTF18aabxuqi,DSCT,169.78046052656245,9.9680151796875,LINEAR,1071182.0
7700,ZTF18acqsqnu,DSCT,192.48079198426947,2.4862294814606747,LINEAR,7704199.0
7701,ZTF18aauylxe,DSCT,244.058438586965,8.151539385214011,LINEAR,18133967.0
7702,ZTF18aagwibu,DSCT,250.2782490688285,40.70703371087865,LINEAR,19182507.0
7703,ZTF19aabzihy,DSCT,172.93109878181798,-7.70572561818182,LINEAR,1781225.0
7704,ZTF18aagszwy,DSCT,232.483952797778,49.7691191762963,LINEAR,14725595.0
7705,ZTF18aauxofy,DSCT,228.932680472222,19.2578463308642,LINEAR,13803333.0
7706,ZTF18aaagbtt,DSCT,127.47922536916651,49.32576413416666,LINEAR,801247.0
7707,ZTF18acagzam,DSCT,217.70131995689653,32.52704163908045,LINEAR,11864369.0
7708,ZTF18aabkonv,DSCT,172.988788575,17.2789202596154,LINEAR,1499145.0
7709,ZTF18adcapgx,DSCT,179.92710662,6.139441488571429,LINEAR,2653935.0
7710,ZTF17aabxlti,DSCT,217.247086151064,15.6499569962766,LINEAR,11726211.0
7711,ZTF18aaxirfa,DSCT,191.0757118633335,52.41953202333335,LINEAR,7611453.0
7712,ZTF18aavckxo,DSCT,262.54128766749045,68.086457998289,LINEAR,20822204.0
7713,ZTF18acpxebq,DSCT,192.43894741304348,4.0272461206521735,LINEAR,7834923.0
7714,ZTF18acyefot,DSCT,190.031225140625,-6.0142656906250025,LINEAR,7667538.0
7715,ZTF18abdrdjk,DSCT,186.85169405625,24.44232325104165,LINEAR,3753972.0
7716,ZTF18aarmvoq,DSCT,229.0154706,8.06731087887931,LINEAR,14052249.0
7717,ZTF18aaikxkr,DSCT,225.98906376232296,61.15390325410765,LINEAR,13320417.0
7718,ZTF18aagrcer,DSCT,234.49013357138352,38.19540821792455,LINEAR,15066171.0
7719,ZTF18aaqnqud,DSCT,230.07979740691505,5.75037461675532,LINEAR,14358703.0
7720,ZTF17aabwoju,DSCT,204.7811132474945,65.7073191503417,LINEAR,9805921.0
7721,ZTF18aaaabot,DSCT,174.78370012656575,54.3394187200107,GAIADR2VS,8.412787849844326e+17
7722,ZTF18acehznb,DSCT,312.59521895083486,1.2253100260804612,GAIADR2VS,4.228543397680427e+18
7723,ZTF17aaadout,DSCT,323.86299274228014,-2.3612854725224683,GAIADR2VS,2.6743792407617096e+18
7724,ZTF18abmrfym,DSCT,321.1714726936869,0.0443895381358942,GAIADR2VS,2.6878905593311073e+18
7725,ZTF18abudugs,DSCT,309.4755469878237,-10.022844760016705,GAIADR2VS,6.901735131520925e+18
7726,ZTF18abmagme,DSCT,320.67820970307065,0.7816271245605555,GAIADR2VS,2.691010526654201e+18
7727,ZTF18abmrfer,DSCT,302.56404444739894,-0.4228484454284837,GAIADR2VS,4.2362659894021837e+18
7728,ZTF17aabvffu,DSCT,5.074903132164055,-0.5905019635726658,GAIADR2VS,2.542234405709798e+18
7729,ZTF18abscfye,DSCT,338.6473024849897,28.388010292545783,GAIADR2VS,1.8821198194679316e+18
7730,ZTF18aaqgamc,DSCT,224.17625618436452,11.242398279910024,GAIADR2VS,1.1803620549567142e+18
7731,ZTF18abdpsxm,DSCT,286.89248497837104,41.64297695635322,GAIADR2VS,2.100927168885801e+18
7732,ZTF18abznpth,DSCT,312.42056629130815,-0.3539654699108756,GAIADR2VS,4.227165812690768e+18
7733,ZTF18abuubxg,DSCT,341.60311287259213,1.1891792941640562,GAIADR2VS,2.6544972573238456e+18
7734,ZTF17aaahzrn,DSCT,100.51166838845192,55.310374367302686,GAIADR2VS,9.948412819080113e+17
7735,ZTF18abrxxlv,DSCT,312.35418207256265,-11.860354597980132,GAIADR2VS,6.901775298053939e+18
7736,ZTF18aceallw,DSCT,42.3106439031844,37.13148628685086,GAIADR2VS,1.4153408452975885e+17
7737,ZTF19aalnwjv,DSCT,175.76012596422856,-19.231682842058827,GAIADR2VS,3.5436371606951337e+18
7738,ZTF17aaaegdy,DSCT,5.074901404068079,-0.5904504475509937,GAIADR2VS,2.542234405709798e+18
7739,ZTF17aaaeqwa,DSCT,8.893732121518141,-6.073693263568942,GAIADR2VS,2.5267347964515825e+18
7740,ZTF18aaqgamb,DSCT,224.1762185590665,11.242418903570725,GAIADR2VS,1.1803620549567142e+18
7741,ZTF19aakqpwc,DSCT,100.51163936026542,55.31041292700228,GAIADR2VS,9.948412819080113e+17
7742,ZTF18abeairx,DSCT,255.3048124726124,11.268575757742644,GAIADR2VS,4.444906841983925e+18
7743,ZTF17aabprib,DSCT,10.458864966735902,-0.8779530053897837,GAIADR2VS,2.5308685091989555e+18
7744,ZTF18absdahq,DSCT,250.1114995320892,2.295212660576736,GAIADR2VS,4.432290839409167e+18
7745,ZTF18acuaixo,DSCT,58.19375373024218,-23.064714740119783,GAIADR2VS,5.084407303190876e+18
7746,ZTF18ablrmvn,DSCT,251.68958674116703,6.221004293525871,GAIADR2VS,4.4416832800498115e+18
7747,ZTF18abmquiz,DSCT,305.71187242520483,-0.1257370325645168,GAIADR2VS,4.2301790586668355e+18
7748,ZTF18abjuyqa,DSCT,328.2731217610349,23.88421287622216,GAIADR2VS,1.7951044348856197e+18
7749,ZTF18aaabbjd,DSCT,108.0347971914385,41.1868151811644,ASASSN,ASASSN-V J071208.34+411112.5
7750,ZTF19aasqikz,DSCT,177.79180448,-23.44729896666665,ASASSN,ASASSN-V J115110.04-232650.4
7751,ZTF18abajuom,DSCT,342.61109713,52.13811222285714,ASASSN,ASASSN-V J225026.69+520817.3
7752,ZTF18abbxxjh,DSCT,288.00511821785705,-23.677110375,ASASSN,ASASSN-V J191201.24-234037.4
7753,ZTF18abnygzp,DSCT,331.934112034375,3.8878821515625,ASASSN,ASASSN-V J220744.18+035316.4
7754,ZTF18abjgypo,DSCT,318.9073291319445,10.0439680125,ASASSN,ASASSN-V J211537.76+100238.4
7755,ZTF18abobvxi,DSCT,308.79224758378405,15.3160647527027,ASASSN,ASASSN-V J203510.14+151857.7
7756,ZTF18abgoeou,DSCT,298.3192713229165,20.56195885208335,ASASSN,ASASSN-V J195316.65+203342.9
7757,ZTF18adachju,DSCT,186.0301350166665,-10.87102901231885,ASASSN,ASASSN-V J122407.25-105215.7
7758,ZTF17aaahqnd,DSCT,74.926637575,0.9810908000000002,ASASSN,ASASSN-V J045942.41+005851.7
7759,ZTF19accejwq,DSCT,339.04676440000014,45.64595486250001,ASASSN,ASASSN-V J223611.25+453846.0
7760,ZTF18abzrwyz,DSCT,325.31688215869565,-5.211981519565216,ASASSN,ASASSN-V J214116.05-051243.1
7761,ZTF18aaaesqt,DSCT,82.29727565318626,36.31475731127451,ASASSN,ASASSN-V J052911.34+361853.1
7762,ZTF17aaadnyp,DSCT,335.0120193181035,4.37692324310345,ASASSN,ASASSN-V J222002.86+042237.2
7763,ZTF18abobvxh,DSCT,308.7922610189655,15.31600790689655,ASASSN,ASASSN-V J203510.14+151857.7
7764,ZTF19aaxkhjv,DSCT,232.9962445605265,-27.64336309210525,ASASSN,ASASSN-V J153159.09-273835.9
7765,ZTF18aabheoy,DSCT,90.60109588319668,44.0648794872951,ASASSN,ASASSN-V J060224.28+440353.5
7766,ZTF19aaxkhat,DSCT,238.9007840666665,-25.55914775,ASASSN,ASASSN-V J155536.21-253333.0
7767,ZTF19aardynb,DSCT,280.9494768824325,-6.4920895499999975,ASASSN,ASASSN-V J184347.89-062931.6
7768,ZTF18abajlxn,DSCT,308.9470254525255,54.31285559949495,ASASSN,ASASSN-V J203547.28+541846.4
7769,ZTF19aaxrogt,DSCT,249.00390242173896,-25.1218246869565,ASASSN,ASASSN-V J163600.90-250718.4
7770,ZTF18abadmbt,DSCT,346.5028698866671,52.80794622916665,ASASSN,ASASSN-V J230600.67+524828.6
7771,ZTF17aaaeccg,DSCT,60.35784940547265,57.15963737835821,ASASSN,ASASSN-V J040125.88+570934.7
7772,ZTF18abrnjpp,DSCT,281.3789241233335,-10.188527978333347,ASASSN,ASASSN-V J184530.95-101118.7
7773,ZTF18abntslk,DSCT,300.48525913,-23.699469876,ASASSN,ASASSN-V J200156.47-234158.2
7774,ZTF17aaaerjh,DSCT,358.3051645933336,-3.263439984761905,ASASSN,ASASSN-V J235313.26-031548.3
7775,ZTF18abbcnmz,DSCT,324.9591164025,28.25153169166665,ASASSN,ASASSN-V J213950.21+281505.9
7776,ZTF18abkwgzc,DSCT,295.0937742600001,0.9302777657142854,ASASSN,ASASSN-V J194022.46+005549.5
7777,ZTF18abnzfmj,DSCT,7.34558882785235,54.534265471476495,ASASSN,ASASSN-V J002922.94+543203.8
7778,ZTF18aalcobp,DSCT,270.7186525925,21.53078131694445,ASASSN,ASASSN-V J180252.44+213150.8
7779,ZTF18abkocou,DSCT,266.0749069185715,-20.03847722142855,ASASSN,ASASSN-V J174417.98-200218.5
7780,ZTF18abmnvzz,DSCT,330.91460744375,2.071690933333336,ASASSN,ASASSN-V J220339.51+020418.0
7781,ZTF18aaykmnd,DSCT,224.60671247547145,25.350170679245306,ASASSN,ASASSN-V J145825.63+252100.5
7782,ZTF18accfwtr,DSCT,273.1700048734375,2.001845959375,ASASSN,ASASSN-V J181240.78+020006.5
7783,ZTF18aaxdkfj,DSCT,298.31927745416647,20.56186509479165,ASASSN,ASASSN-V J195316.65+203342.9
7784,ZTF18aayekwk,DSCT,313.4701006813955,47.9215428852713,ASASSN,ASASSN-V J205352.79+475517.7
7785,ZTF19aayfsyz,DSCT,231.697222275,-27.787043175,ASASSN,ASASSN-V J152647.34-274713.5
7786,ZTF18abjrdau,DSCT,313.0107846996155,18.237175207692303,ASASSN,ASASSN-V J205202.56+181414.0
7787,ZTF18aciiitw,DSCT,319.51407354411754,1.4673163617647051,ASASSN,ASASSN-V J211803.40+012802.6
7788,ZTF18abgucoa,DSCT,12.5016658364865,43.73839633108111,ASASSN,ASASSN-V J005000.43+434418.6
7789,ZTF18abhfzwg,DSCT,11.18926940135135,38.6870784689189,ASASSN,ASASSN-V J004445.41+384113.7
7790,ZTF18acaktyd,DSCT,49.0112752625,43.34292764166665,ASASSN,ASASSN-V J031602.73+432034.5
7791,ZTF18abwwdvd,DSCT,333.260572810811,-8.712300497297296,ASASSN,ASASSN-V J221302.54-084244.4
7792,ZTF18abtilsk,DSCT,296.0636253300001,-6.41275237375,ASASSN,ASASSN-V J194415.28-062445.9
7793,ZTF18abwmvzs,DSCT,311.795338952941,-23.21833165,ASASSN,ASASSN-V J204710.89-231306.1
7794,ZTF19aaafqpc,DSCT,248.083794230488,-2.20231515121951,ASASSN,ASASSN-V J163220.12-021208.3
7795,ZTF17aaaibgb,DSCT,86.19223066166668,44.582490995,ASASSN,ASASSN-V J054446.12+443457.0
7796,ZTF17aabwfsg,DSCT,88.9560356847826,-19.6683907514493,ASASSN,ASASSN-V J055549.47-194006.3
7797,ZTF18abmemzb,DSCT,348.703654726923,42.162264984615405,ASASSN,ASASSN-V J231448.89+420943.9
7798,ZTF17aacrzof,DSCT,98.4385791107143,19.2101271904762,ASASSN,ASASSN-V J063345.28+191236.8
7799,ZTF18acpfkaa,DSCT,71.3979507544248,1.39349946460177,ASASSN,ASASSN-V J044535.53+012336.5
7800,ZTF17aacveyb,DSCT,93.058010862,31.807071802,ASASSN,ASASSN-V J061213.91+314825.6
7801,ZTF17aabvsye,DSCT,75.72896406612905,11.9613003233871,ASASSN,ASASSN-V J050254.94+115740.7
7802,ZTF18aaafycn,DSCT,99.96823327878788,20.3989634810606,ASASSN,ASASSN-V J063952.38+202356.3
7803,ZTF18acavmhc,DSCT,329.571356566055,37.85206988715596,ASASSN,ASASSN-V J215817.13+375107.7
7804,ZTF17aaafzma,DSCT,14.641333713319248,63.06928269566595,ASASSN,ASASSN-V J005833.93+630409.5
7805,ZTF17aabvfgr,DSCT,358.30516287976195,-3.263487291666665,ASASSN,ASASSN-V J235313.26-031548.3
7806,ZTF17aaafupp,DSCT,45.19046170892855,51.33689075678571,ASASSN,ASASSN-V J030045.72+512012.4
7807,ZTF18abckbcs,DSCT,1.0599170425,59.4237413225,ASASSN,ASASSN-V J000414.38+592525.5
7808,ZTF17aabvsdo,DSCT,74.14843716071431,-27.6802657375,ASASSN,ASASSN-V J045635.61-274049.2
7809,ZTF18achczdl,DSCT,81.62954742934784,-15.40513214347825,ASASSN,ASASSN-V J052631.09-152418.5
7810,ZTF17aaarudj,DSCT,33.08267217305555,57.00464154694443,ASASSN,ASASSN-V J021219.88+570017.0
7811,ZTF19abzlypn,DSCT,42.56990043712121,84.81976601742427,ASASSN,ASASSN-V J025016.74+844911.2
7812,ZTF17aabophb,DSCT,317.38242029490954,48.1798290658371,ASASSN,ASASSN-V J210931.80+481047.6
7813,ZTF18aaadvxo,DSCT,83.81157433164064,68.43974083085935,ASASSN,ASASSN-V J053514.74+682623.2
7814,ZTF18aboqubz,DSCT,302.37120114836955,19.087411003804352,ASASSN,ASASSN-V J200929.10+190514.7
7815,ZTF18abutpul,DSCT,307.6016265223685,-22.0119474486842,ASASSN,ASASSN-V J203024.39-220043.1
7816,ZTF18abifjcu,DSCT,279.27079012333354,-12.32142157,ASASSN,ASASSN-V J183705.00-121916.9
7817,ZTF18aczropl,DSCT,116.105940762903,-17.2509176032258,ASASSN,ASASSN-V J074425.41-171503.5
7818,ZTF18abpxkwt,DSCT,41.72151715,59.950125351388905,ASASSN,ASASSN-V J024653.20+595700.8
7819,ZTF18acrulry,DSCT,94.0592208980392,-19.4212459137255,ASASSN,ASASSN-V J061614.19-192516.7
7820,ZTF18acxhvvr,DSCT,68.564360386,0.467606544,ASASSN,ASASSN-V J043415.39+002803.8
7821,ZTF17aacnsuw,DSCT,29.56296974188035,-6.19150827820513,ASASSN,ASASSN-V J015815.11-061129.3
7822,ZTF17aaaowow,DSCT,99.13646271891888,6.775613127477474,ASASSN,ASASSN-V J063632.76+064632.3
7823,ZTF17aabvyeu,DSCT,91.1684727544304,8.575613534810124,ASASSN,ASASSN-V J060440.44+083432.2
7824,ZTF18aaapqva,DSCT,90.60114808010756,44.06480144569896,ASASSN,ASASSN-V J060224.28+440353.5
7825,ZTF18abmwqnq,DSCT,359.378930713793,43.19410140172416,ASASSN,ASASSN-V J235730.94+431139.1
7826,ZTF17aabwhof,DSCT,101.321784877778,41.371126086111104,ASASSN,ASASSN-V J064517.24+412216.0
7827,ZTF17aadcsua,DSCT,105.0061556969565,26.47685067913045,ASASSN,ASASSN-V J070001.48+262836.7
7828,ZTF17aadfugq,DSCT,77.22162675172414,21.5038022461207,ASASSN,ASASSN-V J050853.20+213013.6
7829,ZTF17aaagyop,DSCT,95.07427699594597,-17.554004428378402,ASASSN,ASASSN-V J062017.82-173313.9
7830,ZTF18abuduuv,DSCT,303.4569311066041,-9.3927129245283,ASASSN,ASASSN-V J201349.69-092333.7
7831,ZTF19abzwsxv,DSCT,46.421581619767466,84.03934258372095,ASASSN,ASASSN-V J030541.31+840221.7
7832,ZTF18aaaemik,DSCT,74.39839215147059,68.16049326715685,ASASSN,ASASSN-V J045735.63+680938.2
7833,ZTF17aabocyz,DSCT,108.4791352625,-1.98254719722222,ASASSN,ASASSN-V J071355.00-015857.2
7834,ZTF18aaxulcm,DSCT,301.460865937912,30.9826048521978,ASASSN,ASASSN-V J200550.59+305857.4
7835,ZTF18abrynet,DSCT,309.61798599285703,-3.138990704761905,ASASSN,ASASSN-V J203828.35-030820.3
7836,ZTF19abpugxc,DSCT,2.4550778629310352,80.3614660672414,ASASSN,ASASSN-V J000949.12+802141.3
7837,ZTF18absysdh,DSCT,343.8957642041665,-17.45512776354165,ASASSN,ASASSN-V J225535.01-172718.2
7838,ZTF18aaadxhw,DSCT,38.5594239608911,42.2410094381188,ASASSN,ASASSN-V J023414.27+421427.9
7839,ZTF17aabgkqu,DSCT,72.8042725675,43.766354036,ASASSN,ASASSN-V J045113.03+434558.9
7840,ZTF18aaaakmc,DSCT,79.10631129210526,41.06574830953944,ASASSN,ASASSN-V J051625.51+410356.8
7841,ZTF19aapcnlw,DSCT,127.89162917972948,-20.173250831081106,ASASSN,ASASSN-V J083134.03-201023.8
7842,ZTF18abtgxau,DSCT,51.75381662696079,22.71629577647061,ASASSN,ASASSN-V J032700.91+224258.6
7843,ZTF19aaerbsc,DSCT,121.369564974,-13.958622932,ASASSN,ASASSN-V J080528.69-135731.2
7844,ZTF18aaadnum,DSCT,171.105112576336,77.70431735648856,ASASSN,ASASSN-V J112425.30+774215.8
7845,ZTF18acvudzb,DSCT,100.3391706421875,-15.7278732390625,ASASSN,ASASSN-V J064121.42-154340.3
7846,ZTF18acbzlrn,DSCT,116.1607253225805,29.2064303435484,ASASSN,ASASSN-V J074438.55+291223.5
7847,ZTF18acullkb,DSCT,101.64349425416653,-25.131041845833348,ASASSN,ASASSN-V J064634.45-250751.7
7848,ZTF17aaahdwp,DSCT,85.16975822701609,41.9511999685484,ASASSN,ASASSN-V J054040.72+415704.3
7849,ZTF18aavilzh,DSCT,206.3402513478724,54.197656831914905,ASASSN,ASASSN-V J134521.64+541151.6
7850,ZTF19aabzukr,DSCT,243.291662415,-13.473715568333349,ASASSN,ASASSN-V J161309.99-132825.2
7851,ZTF18aaafjrx,DSCT,102.179093109375,49.015346784375,ASASSN,ASASSN-V J064842.98+490055.4
7852,ZTF18aaadsxx,DSCT,17.222893298360653,37.840148786065605,ASASSN,ASASSN-V J010853.48+375024.7
7853,ZTF17aaawfzn,DSCT,326.4990476765955,53.1532573719858,ASASSN,ASASSN-V J214559.79+530912.2
7854,ZTF17aabunqq,DSCT,350.50876733626745,60.50602564119721,ASASSN,ASASSN-V J232202.12+603022.2
7855,ZTF18aaapdpm,DSCT,100.4134579413795,-24.9342095137931,ASASSN,ASASSN-V J064139.24-245603.0
7856,ZTF18aakikmf,DSCT,266.8407583636945,15.26445027929935,ASASSN,ASASSN-V J174721.80+151551.7
7857,ZTF18abbyday,DSCT,286.5966255868421,-22.63170411315789,ASASSN,ASASSN-V J190623.18-223754.1
7858,ZTF18abeivet,DSCT,265.5454724171055,-14.0345479473684,ASASSN,ASASSN-V J174210.94-140204.5
7859,ZTF18abosnly,DSCT,17.3428611164557,36.03804355316455,ASASSN,ASASSN-V J010922.28+360216.5
7860,ZTF18abwnlmv,DSCT,338.553773405102,0.7834466908163265,ASASSN,ASASSN-V J223412.90+004700.5
7861,ZTF18abascsr,DSCT,326.940782880909,12.4573370418182,ASASSN,ASASSN-V J214745.80+122726.3
7862,ZTF19aamuchq,DSCT,138.4761252770835,-24.85122330416665,ASASSN,ASASSN-V J091354.27-245104.4
7863,ZTF17aaapwed,DSCT,318.1769562073645,45.57560413410855,ASASSN,ASASSN-V J211242.44+453432.2
7864,ZTF18aaznfmm,DSCT,337.0649726036145,52.41279507710845,ASASSN,ASASSN-V J222815.57+522445.9
7865,ZTF18abjlznu,DSCT,296.5412603362965,40.16323543,ASASSN,ASASSN-V J194609.91+400947.7
7866,ZTF17aaafxjp,DSCT,32.4123392647541,59.91778246967216,ASASSN,ASASSN-V J020938.95+595504.2
7867,ZTF18aaznfic,DSCT,336.57978351538446,52.25036105240385,ASASSN,ASASSN-V J222619.12+521500.9
7868,ZTF18aaadwtm,DSCT,12.531131777451,47.25976736911765,ASASSN,ASASSN-V J005007.49+471534.9
7869,ZTF18adasjji,DSCT,77.2216390111111,21.5038878361111,ASASSN,ASASSN-V J050853.20+213013.6
7870,ZTF18abdeyfe,DSCT,335.1633432603605,23.72051679594595,ASASSN,ASASSN-V J222039.18+234314.0
7871,ZTF18aaxavot,DSCT,299.7655358036425,38.342853452649,ASASSN,ASASSN-V J195903.73+382034.3
7872,ZTF19abpugss,DSCT,17.0034629570248,84.79014610495871,ASASSN,ASASSN-V J010800.76+844724.4
7873,ZTF17aaawsnk,DSCT,350.5086556103015,60.50608448718594,ASASSN,ASASSN-V J232202.12+603022.2
7874,ZTF18aaadstw,DSCT,24.8369677371658,47.531655055347606,ASASSN,ASASSN-V J013920.87+473154.0
7875,ZTF17aabwcwv,DSCT,86.19215248021389,44.58248597005351,ASASSN,ASASSN-V J054446.12+443457.0
7876,ZTF19aabzigw,DSCT,175.920874036207,-6.5636263982758605,ASASSN,ASASSN-V J114341.01-063348.6
7877,ZTF17aaapvwr,DSCT,318.17679856569754,45.57565235406975,ASASSN,ASASSN-V J211242.44+453432.2
7878,ZTF17aadrxry,DSCT,71.33713836384617,22.28562316576925,ASASSN,ASASSN-V J044520.91+221708.2
7879,ZTF20aacyxiy,DSCT,121.369581346875,-13.95862593125,ASASSN,ASASSN-V J080528.69-135731.2
7880,ZTF18acwwato,DSCT,112.498405322222,-16.5899756888889,ASASSN,ASASSN-V J072959.62-163523.9
7881,ZTF18acynoxy,DSCT,7.242921666666668,1.5940270125,ASASSN,ASASSN-V J002858.31+013538.4
7882,ZTF18aaadwwz,DSCT,26.60040059925375,49.2199235606965,ASASSN,ASASSN-V J014624.11+491311.8
7883,ZTF17aadjkhd,DSCT,67.6629095314516,12.83193734637095,ASASSN,ASASSN-V J043039.09+124955.1
7884,ZTF18aaaegvp,DSCT,58.94629032864079,40.6860207432039,ASASSN,ASASSN-V J035547.13+404110.1
7885,ZTF17aaagapg,DSCT,9.789266579245288,0.669754453773585,ASASSN,ASASSN-V J003909.43+004010.7
7886,ZTF18aalmaej,DSCT,132.009500812195,26.9823059280488,ASASSN,ASASSN-V J084802.28+265856.6
7887,ZTF17aaajsrm,DSCT,36.18580995476189,55.43231920952379,ASASSN,ASASSN-V J022444.57+552556.1
7888,ZTF18acrwnvo,DSCT,80.97706695564514,-3.1256387451612904,ASASSN,ASASSN-V J052354.52-030732.4
7889,ZTF18acszjrq,DSCT,92.01376650119047,1.17289032738095,ASASSN,ASASSN-V J060803.30+011022.4
7890,ZTF17aaailzk,DSCT,107.1348442683335,27.72653093333335,ASASSN,ASASSN-V J070832.36+274335.7
7891,ZTF18adauaop,DSCT,111.011314627778,-21.6615851574074,ASASSN,ASASSN-V J072402.73-213941.5
7892,ZTF18aaaebww,DSCT,17.027042837931052,48.4822155928161,ASASSN,ASASSN-V J010806.49+482855.9
7893,ZTF18abyxsac,DSCT,17.600515151428553,27.320786965714294,ASASSN,ASASSN-V J011024.11+271914.9
7894,ZTF17aaarsgz,DSCT,45.1903797859649,51.336919177719295,ASASSN,ASASSN-V J030045.72+512012.4
7895,ZTF18absqjuh,DSCT,41.156607404545454,48.06553929772725,ASASSN,ASASSN-V J024437.59+480355.9
7896,ZTF18abmaxmz,DSCT,38.59217034902596,52.368841377597406,ASASSN,ASASSN-V J023422.13+522207.9
7897,ZTF17aadpxpt,DSCT,82.9991078403846,24.854914025,ASASSN,ASASSN-V J053159.79+245117.9
7898,ZTF18abakkui,DSCT,0.263091538803089,58.8436410557915,ASASSN,ASASSN-V J000103.14+585037.1
7899,ZTF18abcqaqn,DSCT,349.112068725,36.51659444687501,ASASSN,ASASSN-V J231626.91+363100.1
7900,ZTF19aaexhiw,DSCT,95.07422457,-17.553938403333348,ASASSN,ASASSN-V J062017.82-173313.9
7901,ZTF18acuxqzu,DSCT,114.2848259253845,-18.4238379069231,ASASSN,ASASSN-V J073708.33-182525.8
7902,ZTF17aaaphqr,DSCT,117.32402375555549,-19.1886932722222,ASASSN,ASASSN-V J074917.75-191119.6
7903,ZTF18acyusco,DSCT,93.83256095510204,-26.753860575510203,ASASSN,ASASSN-V J061519.81-264513.9
7904,ZTF18acwzbpj,DSCT,215.06943181363653,-13.524672375000002,ASASSN,ASASSN-V J142016.66-133129.0
7905,ZTF18achogfu,DSCT,49.011311390625,43.342799309375,ASASSN,ASASSN-V J031602.73+432034.5
7906,ZTF17aabtprb,DSCT,163.1962207666665,-5.190322633908044,ASASSN,ASASSN-V J105247.09-051125.2
7907,ZTF17aaarlvx,DSCT,36.185746395,55.432294643055535,ASASSN,ASASSN-V J022444.57+552556.1
7908,ZTF18acyhshp,DSCT,228.13605578823555,-5.9605706176470585,ASASSN,ASASSN-V J151232.65-055738.0
7909,ZTF17aaarwpd,DSCT,74.9267280606322,0.981043694827586,ASASSN,ASASSN-V J045942.41+005851.7
7910,ZTF18abflrrr,DSCT,24.151224430769247,51.56188643269231,ASASSN,ASASSN-V J013636.26+513342.7
7911,ZTF18ablwjoe,DSCT,26.943372415,59.70663838,ASASSN,ASASSN-V J014746.44+594223.9
7912,ZTF18aabfdtg,DSCT,58.9463228668639,40.68607908076925,ASASSN,ASASSN-V J035547.13+404110.1
7913,ZTF17aaasayn,DSCT,68.564253640625,0.4676604609375,ASASSN,ASASSN-V J043415.39+002803.8
7914,ZTF17aadmzvf,DSCT,89.83693721984125,28.39285150714285,ASASSN,ASASSN-V J055920.86+282334.6
7915,ZTF17aaaagyx,DSCT,81.62330618152173,39.39969261521741,ASASSN,ASASSN-V J052629.62+392358.9
7916,ZTF17aaahzut,DSCT,102.334609105,45.637292895,ASASSN,ASASSN-V J064920.33+453814.4
7917,ZTF18acyuwcr,DSCT,93.6728762619565,-27.7801273152174,ASASSN,ASASSN-V J061441.50-274648.4
7918,ZTF18aabpozv,DSCT,189.23918516142845,13.885660092857153,ASASSN,ASASSN-V J123657.42+135308.5
7919,ZTF18ablqcpg,DSCT,35.142530166071445,53.14638772321429,ASASSN,ASASSN-V J022034.21+530847.0
7920,ZTF17aaarvca,DSCT,81.6233277961111,39.39973776111111,ASASSN,ASASSN-V J052629.62+392358.9
7921,ZTF17aabdxyc,DSCT,89.5492479035484,52.74260251322581,ASASSN,ASASSN-V J055811.81+524433.4
7922,ZTF17aabvufw,DSCT,98.55853914732144,40.0317473955357,ASASSN,ASASSN-V J063414.04+400154.4
7923,ZTF18aaabrix,DSCT,111.380323870435,19.3210767069565,ASASSN,ASASSN-V J072531.28+191915.6
7924,ZTF19aazpyha,DSCT,198.43414336923087,-24.5547157423077,ASASSN,ASASSN-V J131344.21-243316.9
7925,ZTF17aaarvdi,DSCT,56.9102374002551,48.77041716581636,ASASSN,ASASSN-V J034738.49+484613.5
7926,ZTF18achnnnu,DSCT,59.08816151625,61.54167293541666,ASASSN,ASASSN-V J035621.20+613229.7
7927,ZTF18aaadsdz,DSCT,58.837974750738,43.14238650276754,ASASSN,ASASSN-V J035521.13+430832.5
7928,ZTF18aabkakg,DSCT,117.5495187401165,9.194468899418606,ASASSN,ASASSN-V J075011.90+091140.1
7929,ZTF17aadopqk,DSCT,85.67639666809525,22.33239349142855,ASASSN,ASASSN-V J054242.35+221956.6
7930,ZTF18aaaakyv,DSCT,106.2014767072915,76.18625957135416,ASASSN,ASASSN-V J070448.34+761110.4
7931,ZTF17aabvwdc,DSCT,67.51859550482455,-6.144831431578945,ASASSN,ASASSN-V J043004.45-060841.2
7932,ZTF17aaaoqxy,DSCT,79.35053617843134,53.98781643202615,ASASSN,ASASSN-V J051724.14+535916.3
7933,ZTF18abflrrp,DSCT,24.1510611207547,51.56188813915095,ASASSN,ASASSN-V J013636.26+513342.7
7934,ZTF18aaacmrq,DSCT,149.97758846375,79.80110957833334,ASASSN,ASASSN-V J095954.59+794804.1
7935,ZTF18actbtur,DSCT,115.322277002564,-6.2580502532051305,ASASSN,ASASSN-V J074117.35-061528.9
7936,ZTF19aaysudd,DSCT,213.929397,-26.384903075,ASASSN,ASASSN-V J141543.02-262305.9
7937,ZTF19aaydqmj,DSCT,206.9231845535715,-24.106516380357142,ASASSN,ASASSN-V J134741.56-240623.5
7938,ZTF17aaaokan,DSCT,91.1684579890625,8.5756609140625,ASASSN,ASASSN-V J060440.44+083432.2
7939,ZTF18aahcduw,DSCT,222.5317477581395,38.24872566627905,ASASSN,ASASSN-V J145007.66+381455.3
7940,ZTF17aabvkav,DSCT,7.93415824851485,9.25370963811881,ASASSN,ASASSN-V J003144.20+091513.5
7941,ZTF20aadcmkv,DSCT,178.26088717777802,-27.5840161388889,ASASSN,ASASSN-V J115302.64-273502.5
7942,ZTF18abclmcf,DSCT,252.16111246704548,-19.99846477386365,ASASSN,ASASSN-V J164838.65-195954.4
7943,ZTF19aczkbwn,DSCT,131.45103964999998,-25.51736315,ASASSN,ASASSN-V J084548.24-253102.0
7944,ZTF19aamwrjt,DSCT,234.715743363,-16.848877514999998,ASASSN,ASASSN-V J153851.79-165056.1
7945,ZTF19aamwqtx,DSCT,228.673719914815,-15.98547466666665,ASASSN,ASASSN-V J151441.67-155907.7
7946,ZTF18abhxyhh,DSCT,299.347546186842,38.840086527631605,ASASSN,ASASSN-V J195723.42+385024.5
7947,ZTF18ablmweu,DSCT,280.48248253461554,14.330493921153847,ASASSN,ASASSN-V J184155.78+141950.3
7948,ZTF18abretff,DSCT,37.21710303804351,8.587767388043481,ASASSN,ASASSN-V J022852.10+083516.2
7949,ZTF17aaaengo,DSCT,12.620089225,39.1750915186508,ASASSN,ASASSN-V J005028.82+391030.3
7950,ZTF18aabfjvi,DSCT,17.02702883713235,48.48216674007354,ASASSN,ASASSN-V J010806.49+482855.9
7951,ZTF19abqklzb,DSCT,21.4688919534483,84.70299624252874,ASASSN,ASASSN-V J012552.74+844210.8
7952,ZTF18acgqtbk,DSCT,70.94523829603175,-17.51320248809525,ASASSN,ASASSN-V J044346.86-173047.8
7953,ZTF17aaaxcrx,DSCT,12.0463607626543,47.62197771419755,ASASSN,ASASSN-V J004811.15+473719.1
7954,ZTF18aaadiae,DSCT,144.01993491462602,44.67812480986395,ASASSN,ASASSN-V J093604.79+444041.6
7955,ZTF17aaaillb,DSCT,114.231951827941,-17.853929973529393,ASASSN,ASASSN-V J073655.66-175114.2
7956,ZTF18acqlquj,DSCT,152.4069054954545,-4.025553249242424,ASASSN,ASASSN-V J100937.66-040132.0
7957,ZTF19aaakeqr,DSCT,100.36598264833349,-24.61348389166665,ASASSN,ASASSN-V J064127.85-243648.6
7958,ZTF17aaailio,DSCT,94.91264937912092,40.143327142857146,ASASSN,ASASSN-V J061939.03+400836.0
7959,ZTF18abltedk,DSCT,223.098834816129,3.3087220975806453,ASASSN,ASASSN-V J145223.70+031831.2
7960,ZTF18aaaegrp,DSCT,38.2798922480392,43.0136676862745,ASASSN,ASASSN-V J023307.18+430049.6
7961,ZTF18aaabchy,DSCT,86.4884563331081,4.8654636486486496,ASASSN,ASASSN-V J054557.22+045155.5
7962,ZTF17aaanppz,DSCT,103.420300988053,-1.062688415929205,ASASSN,ASASSN-V J065340.87-010345.6
7963,ZTF18aabhpsj,DSCT,90.3439630029126,27.7929462237864,ASASSN,ASASSN-V J060122.56+274734.9
7964,ZTF18aabhwvx,DSCT,90.85809825892856,29.100448963392854,ASASSN,ASASSN-V J060325.91+290601.6
7965,ZTF17aaahzsv,DSCT,98.55848713819444,40.0317704847222,ASASSN,ASASSN-V J063414.04+400154.4
7966,ZTF18aabfzhj,DSCT,82.29724691847825,36.31468634565221,ASASSN,ASASSN-V J052911.34+361853.1
7967,ZTF17aaasjfh,DSCT,74.53721941346156,34.1473550110577,ASASSN,ASASSN-V J045808.91+340850.7
7968,ZTF18aabfuzx,DSCT,73.18508682055216,43.68335482055216,ASASSN,ASASSN-V J045244.41+434100.3
7969,ZTF17aaarvro,DSCT,83.35614209143836,32.56360409041095,ASASSN,ASASSN-V J053325.47+323349.2
7970,ZTF18achcbep,DSCT,102.313723017073,-5.80514972682927,ASASSN,ASASSN-V J064915.30-054818.6
7971,ZTF17aaaotrs,DSCT,77.31296136289855,44.91705880985505,ASASSN,ASASSN-V J050915.11+445501.1
7972,ZTF17aaaruko,DSCT,60.61482846580879,55.34270437720591,ASASSN,ASASSN-V J040227.52+552033.6
7973,ZTF17aabvvsv,DSCT,94.91268491142856,40.1432750242857,ASASSN,ASASSN-V J061939.03+400836.0
7974,ZTF18actcdnh,DSCT,115.3223297921875,-6.258128340625,ASASSN,ASASSN-V J074117.35-061528.9
7975,ZTF18acguwdc,DSCT,108.129320990404,-4.33565260858586,ASASSN,ASASSN-V J071231.03-042008.4
7976,ZTF18actbsli,DSCT,112.113316362879,-2.13329208030303,ASASSN,ASASSN-V J072827.18-020759.7
7977,ZTF17aaaoujw,DSCT,74.5372531705128,34.14741173846155,ASASSN,ASASSN-V J045808.91+340850.7
7978,ZTF17aaarlxz,DSCT,56.7612942077441,58.5254296124579,ASASSN,ASASSN-V J034702.69+583131.5
7979,ZTF17aacofgi,DSCT,93.05791081923076,31.807022023076897,ASASSN,ASASSN-V J061213.91+314825.6
7980,ZTF17aabvzdp,DSCT,102.33456300147051,45.63736722426471,ASASSN,ASASSN-V J064920.33+453814.4
7981,ZTF18abwkvxs,DSCT,96.423262087,22.105487113,ASASSN,ASASSN-V J062541.57+220620.2
7982,ZTF17aacpsia,DSCT,97.01967835611109,29.845481856111107,ASASSN,ASASSN-V J062804.72+295043.9
7983,ZTF17aabsfho,DSCT,100.13743489329252,21.815867022561,ASASSN,ASASSN-V J064032.96+214857.3
7984,ZTF17aacysfb,DSCT,88.99104424008266,28.8424532252066,ASASSN,ASASSN-V J055557.85+285032.6
7985,ZTF18aclbuvx,DSCT,89.84626666,-16.81119157714285,ASASSN,ASASSN-V J055923.10-164840.4
7986,ZTF19aamnztl,DSCT,125.255001498718,-14.03923170384615,ASASSN,ASASSN-V J082101.20-140221.6
7987,ZTF18aaoamvk,DSCT,278.622785833088,35.073368338235305,ASASSN,ASASSN-V J183429.45+350424.0
7988,ZTF18abbhyfq,DSCT,252.528144269231,14.5907451076923,ASASSN,ASASSN-V J165006.76+143526.9
7989,ZTF18acrupio,DSCT,91.63677280388892,-1.2336399933333348,ASASSN,ASASSN-V J060632.84-011401.4
7990,ZTF18acmzvqr,DSCT,108.7052077,-6.112824966346157,ASASSN,ASASSN-V J071449.23-060646.6
7991,ZTF17aabstly,DSCT,101.3218422396225,41.371079082075454,ASASSN,ASASSN-V J064517.24+412216.0
7992,ZTF18aazhufw,DSCT,231.836521304902,2.4786231696078453,ASASSN,ASASSN-V J152720.77+022843.1
7993,ZTF18abcypgm,DSCT,228.34175603787892,18.2661333537879,ASASSN,ASASSN-V J151322.02+181558.1
7994,ZTF18abcmsia,DSCT,268.06663378789506,10.1487696294737,ASASSN,ASASSN-V J175215.99+100855.8
7995,ZTF18aazucqa,DSCT,293.51191646566497,52.26524712532189,ASASSN,ASASSN-V J193402.89+521554.9
7996,ZTF18abmbjbq,DSCT,215.63017857449,24.58238840510205,ASASSN,ASASSN-V J142231.27+243456.4
7997,ZTF18aabfdyc,DSCT,68.4364617563291,23.699040328481,ASASSN,ASASSN-V J043344.76+234156.8
7998,ZTF18acyurnn,DSCT,88.956135225,-22.513785998809503,ASASSN,ASASSN-V J055549.46-223049.4
7999,ZTF18acwefux,DSCT,94.370928840625,-12.047738821875,ASASSN,ASASSN-V J061729.04-120252.0
8000,ZTF19aarvjbo,DSCT,191.49617396086947,-24.6266055673913,ASASSN,ASASSN-V J124559.08-243735.7
8001,ZTF17aaahgie,DSCT,56.9102332472,48.7704945912,ASASSN,ASASSN-V J034738.49+484613.5
8002,ZTF19aaxlhrl,DSCT,234.65524259375,-27.269064609375,ASASSN,ASASSN-V J153837.24-271608.5
8003,ZTF18abdkhjl,DSCT,294.5285935953235,30.909228592805743,ASASSN,ASASSN-V J193806.84+305432.9
8004,ZTF18abcomgg,DSCT,285.5569077036765,43.696442216544106,ASASSN,ASASSN-V J190213.68+434147.1
8005,ZTF18aajnwpc,DSCT,199.9540950384615,31.7288859673077,ASASSN,ASASSN-V J131948.99+314344.2
8006,ZTF19aaapinj,DSCT,203.4026100910255,-5.563765870512818,ASASSN,ASASSN-V J133336.64-053349.7
8007,ZTF18acryinh,DSCT,205.714905571359,-5.8313857155339806,ASASSN,ASASSN-V J134251.55-054952.9
8008,ZTF18aajrnvm,DSCT,247.41786984918045,57.342574602459,ASASSN,ASASSN-V J162940.30+572033.2
8009,ZTF18abjbigh,DSCT,292.9672962544445,72.79295472666666,ASASSN,ASASSN-V J193152.06+724734.8
8010,ZTF18aaqfzrt,DSCT,221.874618091954,11.977455084482749,ASASSN,ASASSN-V J144729.90+115839.0
8011,ZTF18aaisdna,DSCT,204.322641814246,65.5212570480447,ASASSN,ASASSN-V J133717.40+653116.6
8012,ZTF18acwzaqk,DSCT,227.2514902581965,-11.916950528688549,ASASSN,ASASSN-V J150900.33-115500.9
8013,ZTF18acuelax,DSCT,211.03214467625003,-5.632781204375,ASASSN,ASASSN-V J140407.71-053758.0
8014,ZTF18abrreuv,DSCT,286.64410736636347,0.8210095263636366,ASASSN,ASASSN-V J190634.58+004915.2
8015,ZTF17aabvcty,DSCT,307.31218066787915,48.7175092030303,ASASSN,ASASSN-V J202914.93+484303.0
8016,ZTF17aabusih,DSCT,319.1817183655095,57.41643873125,ASASSN,ASASSN-V J211643.62+572459.1
8017,ZTF19aaafrye,DSCT,247.5456603125,-4.33336384285714,ASASSN,ASASSN-V J163010.96-042000.6
8018,ZTF19aadutkz,DSCT,262.56084307291644,-12.940583107291651,ASASSN,ASASSN-V J173014.60-125626.0
8019,ZTF18abvhzvu,DSCT,308.4691204336,19.5117591084,ASASSN,ASASSN-V J203352.60+193042.4
8020,ZTF18adaljss,DSCT,230.15088789682548,-9.688661437301583,ASASSN,ASASSN-V J152036.19-094119.1
8021,ZTF18abmegvk,DSCT,300.0258740476635,18.620927514953244,ASASSN,ASASSN-V J200006.20+183715.7
8022,ZTF18acvpqkw,DSCT,84.96762972571429,20.01943309,ASASSN,ASASSN-V J053952.22+200110.2
8023,ZTF18aaadyuy,DSCT,68.4364738125,23.69900417875,ASASSN,ASASSN-V J043344.76+234156.8
8024,ZTF18acuxxad,DSCT,116.6965899,-18.692376010465104,ASASSN,ASASSN-V J074647.16-184132.5
8025,ZTF17aaahfif,DSCT,82.34780031236559,78.9615036435484,ASASSN,ASASSN-V J052923.51+785741.6
8026,ZTF18aczddkm,DSCT,137.62407933039202,-15.2407245970588,ASASSN,ASASSN-V J091029.75-151426.7
8027,ZTF18acxwqnt,DSCT,136.78113606206898,-15.5792106974138,ASASSN,ASASSN-V J090707.49-153445.1
8028,ZTF18acvdrah,DSCT,108.90985269021748,-7.231129529347825,ASASSN,ASASSN-V J071538.38-071352.3
8029,ZTF18aaodwxv,DSCT,273.000201349,47.4834061975,ASASSN,ASASSN-V J181200.04+472900.2
8030,ZTF18abaqbsm,DSCT,316.4083695505,9.647643553,ASASSN,ASASSN-V J210537.99+093851.4
8031,ZTF18abtjkvo,DSCT,304.594632763793,1.2556091431034502,ASASSN,ASASSN-V J201822.71+011520.2
8032,ZTF18abviawp,DSCT,314.9479515416665,23.24850553166665,ASASSN,ASASSN-V J205947.53+231454.7
8033,ZTF19aashcfi,DSCT,279.3356748136365,-14.793909604545451,ASASSN,ASASSN-V J183720.54-144738.3
8034,ZTF19aauaszn,DSCT,281.6239201,-6.489878465625,ASASSN,ASASSN-V J184629.76-062923.5
8035,ZTF18aapaqgm,DSCT,286.5060445656425,44.2269955836592,ASASSN,ASASSN-V J190601.46+441337.4
8036,ZTF18aaimwjx,DSCT,274.588714987712,43.375953988135606,ASASSN,ASASSN-V J181821.31+432233.6
8037,ZTF18abfxrlf,DSCT,272.057742582474,7.687813442268039,ASASSN,ASASSN-V J180813.87+074116.0
8038,ZTF18aaxumpp,DSCT,300.7803587363635,42.1596068109091,ASASSN,ASASSN-V J200307.26+420934.8
8039,ZTF18abobvcr,DSCT,308.83527895875,8.922386919583337,ASASSN,ASASSN-V J203520.49+085520.8
8040,ZTF18aaxczoj,DSCT,308.0245363683205,31.29962440992365,ASASSN,ASASSN-V J203205.91+311759.0
8041,ZTF18abmamzr,DSCT,296.6046710809785,1.6389264864130448,ASASSN,ASASSN-V J194625.12+013820.2
8042,ZTF18abcgmob,DSCT,276.38011249596804,-13.009508187096747,ASASSN,ASASSN-V J182531.23-130034.1
8043,ZTF18abcxoqn,DSCT,297.082917240625,59.4874874953125,ASASSN,ASASSN-V J194820.00+592915.1
8044,ZTF18abvtehb,DSCT,101.44326427903248,60.620598469354846,ASASSN,ASASSN-V J064546.37+603714.1
8045,ZTF17aaboowt,DSCT,319.18179172082,57.4163941225552,ASASSN,ASASSN-V J211643.62+572459.1
8046,ZTF18abadwfk,DSCT,325.2556389622855,58.080374981714286,ASASSN,ASASSN-V J214101.35+580449.6
8047,ZTF19aavahtz,DSCT,301.14979999333354,1.1639683966666652,ASASSN,ASASSN-V J200435.95+010950.3
8048,ZTF18abcwest,DSCT,281.3217599233695,-4.9968331,ASASSN,ASASSN-V J184517.22-045948.3
8049,ZTF18aaumdyv,DSCT,232.9998602267605,28.618034571126756,ASASSN,ASASSN-V J153159.94+283705.2
8050,ZTF19aanjvzs,DSCT,161.508631473913,-23.8760468695652,ASASSN,ASASSN-V J104602.08-235233.3
8051,ZTF18abaschz,DSCT,315.64073493775504,10.077854381632651,ASASSN,ASASSN-V J210233.80+100440.3
8052,ZTF18aazmvyu,DSCT,314.95512256168195,14.0180025584112,ASASSN,ASASSN-V J205949.22+140104.8
8053,ZTF18abmrekb,DSCT,307.5282559540815,13.93734739591835,ASASSN,ASASSN-V J203006.77+135614.5
8054,ZTF18absrwhk,DSCT,283.0245771710525,-6.892871939473685,ASASSN,ASASSN-V J185205.91-065334.2
8055,ZTF19aayxphp,DSCT,247.320530673077,-20.83026292307689,ASASSN,ASASSN-V J162916.92-204948.8
8056,ZTF18aajbozk,DSCT,269.0387098673365,43.01498161683414,ASASSN,ASASSN-V J175609.26+430053.7
8057,ZTF18abakhkq,DSCT,332.2758351904145,60.77429439481866,ASASSN,ASASSN-V J220906.19+604627.3
8058,ZTF19aapwxux,DSCT,146.99389314,-22.88096360666665,ASASSN,ASASSN-V J094758.53-225251.8
8059,ZTF17aabwnfq,DSCT,130.77524155147051,-11.997298205882348,ASASSN,ASASSN-V J084306.06-115950.2
8060,ZTF18aaabbyh,DSCT,108.559836549115,73.45811201814159,ASASSN,ASASSN-V J071414.34+732728.8
8061,ZTF17aabvgkh,DSCT,326.4990141888889,53.15330891797385,ASASSN,ASASSN-V J214559.79+530912.2
8062,ZTF18ablqvqm,DSCT,275.7441409377195,-13.670707281578949,ASASSN,ASASSN-V J182258.59-134014.4
8063,ZTF19aajwosv,DSCT,178.488627152778,-19.32399294444445,ASASSN,ASASSN-V J115357.26-191926.0
8064,ZTF19aamokic,DSCT,228.341647828261,18.26616833913045,ASASSN,ASASSN-V J151322.02+181558.1
8065,ZTF18aaynnwp,DSCT,302.00665377,30.879005163333357,ASASSN,ASASSN-V J200801.57+305244.7
8066,ZTF18adbafmt,DSCT,226.938501185294,-18.60458496568625,ASASSN,ASASSN-V J150745.25-183616.6
8067,ZTF18abfzzuq,DSCT,262.6137506190215,10.984619295652196,ASASSN,ASASSN-V J173027.30+105904.5
8068,ZTF18abcwaqs,DSCT,349.112179475365,36.516579364416046,ASASSN,ASASSN-V J231626.91+363100.1
8069,ZTF18abrymrc,DSCT,308.5282234916665,-8.269250920454546,ASASSN,ASASSN-V J203406.80-081609.0
8070,ZTF18abadlfs,DSCT,348.27122458176694,54.3265010131579,ASASSN,ASASSN-V J231305.09+541935.4
8071,ZTF18abvigox,DSCT,313.129337055725,70.91119545076336,ASASSN,ASASSN-V J205231.01+705440.1
8072,ZTF19aafocdh,DSCT,268.059648716129,-9.98130580483871,ASASSN,ASASSN-V J175214.31-095852.7
8073,ZTF18abaeakp,DSCT,292.967237740104,72.79305828723959,ASASSN,ASASSN-V J193152.06+724734.8
8074,ZTF18abajthu,DSCT,338.8116529303225,53.16015508419355,ASASSN,ASASSN-V J223514.84+530936.4
8075,ZTF18abjgjpb,DSCT,318.1890765625425,35.0525912522034,ASASSN,ASASSN-V J211245.37+350309.1
8076,ZTF18abvvuiq,DSCT,292.524316222857,-3.557339082857145,ASASSN,ASASSN-V J193005.82-033326.8
8077,ZTF17aaawpyp,DSCT,334.693772427354,50.53007915,ASASSN,ASASSN-V J221846.55+503148.5
8078,ZTF18aajocds,DSCT,206.34017895227245,54.19758549431821,ASASSN,ASASSN-V J134521.64+541151.6
8079,ZTF18aagrhlj,DSCT,222.531858882447,38.24871490478725,ASASSN,ASASSN-V J145007.66+381455.3
8080,ZTF18abryojs,DSCT,325.255544506767,58.0803618838346,ASASSN,ASASSN-V J214101.35+580449.6
8081,ZTF18abakhko,DSCT,332.27597866250005,60.77426793072915,ASASSN,ASASSN-V J220906.19+604627.3
8082,ZTF18abaqezg,DSCT,319.7720338875841,27.5298630986577,ASASSN,ASASSN-V J211905.29+273147.3
8083,ZTF18aaacufx,DSCT,133.26789071987952,54.5255592009036,ASASSN,ASASSN-V J085304.25+543132.0
8084,ZTF19aaysjdf,DSCT,214.5915429642855,-23.144614992857147,ASASSN,ASASSN-V J141821.96-230840.3
8085,ZTF18abgyant,DSCT,286.97316376483053,30.64185494491525,ASASSN,ASASSN-V J190753.55+303830.6
8086,ZTF18abmeizc,DSCT,334.09404470920003,38.864331362,ASASSN,ASASSN-V J221622.52+385151.8
8087,ZTF18aawbmym,DSCT,300.9780290902495,22.615325196258503,ASASSN,ASASSN-V J200354.72+223655.3
8088,ZTF18aauqfli,DSCT,302.55887030290296,35.08074300903225,ASASSN,ASASSN-V J201014.16+350451.0
8089,ZTF17aabwweq,DSCT,298.152141261316,63.46265509605264,ASASSN,ASASSN-V J195236.51+632745.7
8090,ZTF18ablqsjy,DSCT,263.9567672163265,2.39203565102041,ASASSN,ASASSN-V J173549.62+022331.2
8091,ZTF18abcjmea,DSCT,311.3820749448335,55.25933923983335,ASASSN,ASASSN-V J204531.70+551533.7
8092,ZTF18abortdn,DSCT,313.8899973161765,18.20428814117645,ASASSN,ASASSN-V J205533.61+181215.8
8093,ZTF18aaacfow,DSCT,120.840359842683,55.10161931615854,ASASSN,ASASSN-V J080321.63+550606.1
8094,ZTF18acvwnha,DSCT,214.886750312069,-19.100693118965506,ASASSN,ASASSN-V J141932.82-190602.5
8095,ZTF19aayeoos,DSCT,233.4202011846155,-27.45621719615385,ASASSN,ASASSN-V J153340.83-272722.3
8096,ZTF18aakgdgu,DSCT,262.131203540964,22.571982241265047,ASASSN,ASASSN-V J172831.47+223419.3
8097,ZTF18abxdqro,DSCT,314.966717621519,69.67013017531644,ASASSN,ASASSN-V J205952.01+694012.6
8098,ZTF18abrntto,DSCT,302.1560773347825,-14.2127225119565,ASASSN,ASASSN-V J200837.48-141245.6
8099,ZTF18abmqkgn,DSCT,302.750594190909,-13.9788309621212,ASASSN,ASASSN-V J201100.16-135843.2
8100,ZTF17aabuuvi,DSCT,357.15181078507703,52.13157927384615,ASASSN,ASASSN-V J234836.45+520753.6
8101,ZTF18abtvivq,DSCT,310.779367162097,1.571515942741935,ASASSN,ASASSN-V J204307.05+013417.8
8102,ZTF18aazlort,DSCT,298.9582529141025,20.51243600384615,ASASSN,ASASSN-V J195549.99+203044.8
8103,ZTF17aabqiwm,DSCT,0.2202392166092944,62.42075965886405,ASASSN,ASASSN-V J000052.87+622514.7
8104,ZTF18abdmcki,DSCT,344.2025996791665,52.17719224166665,ASASSN,ASASSN-V J225648.62+521038.4
8105,ZTF18absanlh,DSCT,315.1197429375,6.0773564462500005,ASASSN,ASASSN-V J210028.74+060438.5
8106,ZTF18abaskkx,DSCT,324.6934105364585,48.32281220104164,ASASSN,ASASSN-V J213846.47+481922.2
8107,ZTF18abjqnkm,DSCT,306.7193107357145,16.127382177551,ASASSN,ASASSN-V J202652.62+160738.6
8108,ZTF19abosqmf,DSCT,314.6894230785715,34.113108692857146,ASASSN,ASASSN-V J205845.49+340647.3
8109,ZTF17aabposk,DSCT,307.312279726166,48.71749826528496,ASASSN,ASASSN-V J202914.93+484303.0
8110,ZTF18abomakp,DSCT,319.64574775359995,37.983129302,ASASSN,ASASSN-V J211834.97+375859.2
8111,ZTF18abiwfxn,DSCT,287.37885926,33.13274032807695,ASASSN,ASASSN-V J190930.94+330758.1
8112,ZTF19aattawb,DSCT,207.17905131346143,-21.91452735384615,ASASSN,ASASSN-V J134842.98-215452.3
8113,ZTF18abdfgyy,DSCT,246.41469118174604,19.205545810317453,ASASSN,ASASSN-V J162539.54+191220.0
8114,ZTF18abhxxax,DSCT,295.1166134415665,39.91146412771084,ASASSN,ASASSN-V J194027.99+395441.4
8115,ZTF18abjtxmq,DSCT,297.4519682193275,40.98930257058825,ASASSN,ASASSN-V J194948.47+405921.6
8116,ZTF18abmeeiu,DSCT,305.87455528235296,17.58243115490195,ASASSN,ASASSN-V J202329.90+173457.0
8117,ZTF18abmegex,DSCT,302.77181951216204,19.433063367567552,ASASSN,ASASSN-V J201105.23+192559.2
8118,ZTF18acyyhfs,DSCT,220.883905998276,-8.459337318965515,ASASSN,ASASSN-V J144332.16-082733.3
8119,ZTF18acaxxhf,DSCT,260.15191055696204,-13.4694264113924,ASASSN,ASASSN-V J172036.47-132810.4
8120,ZTF19aabzuhz,DSCT,244.01645437641503,-15.949766706603803,ASASSN,ASASSN-V J161603.97-155659.3
8121,ZTF18abcohsc,DSCT,281.86804209743605,20.1098342955128,ASASSN,ASASSN-V J184728.33+200635.6
8122,ZTF18absicwo,DSCT,272.06043218782054,4.799862860897433,ASASSN,ASASSN-V J180814.49+044759.2
8123,ZTF18abcjbwy,DSCT,277.832202577778,-5.831753655555558,ASASSN,ASASSN-V J183119.73-054954.2
8124,ZTF18abqberv,DSCT,271.4083565333335,2.274253202173915,ASASSN,ASASSN-V J180537.98+021627.4
8125,ZTF18aboskqa,DSCT,7.950433718666665,57.026188672,ASASSN,ASASSN-V J003148.10+570134.2
8126,ZTF18aazvmcl,DSCT,332.626581066514,52.30071832614679,ASASSN,ASASSN-V J221030.34+521803.0
8127,ZTF18aakiuvo,DSCT,230.3943409243525,61.4896478341969,ASASSN,ASASSN-V J152134.65+612922.8
8128,ZTF18accpmsw,DSCT,323.255345865,-15.696548175,ASASSN,ASASSN-V J213301.28-154147.8
8129,ZTF18abcctzm,DSCT,4.363116181515955,58.433203845212745,ASASSN,ASASSN-V J001727.15+582559.7
8130,ZTF18aakzosl,DSCT,266.868704332117,18.5058671970803,ASASSN,ASASSN-V J174728.51+183021.2
8131,ZTF18aagtpha,DSCT,249.955020832065,49.11635996711955,ASASSN,ASASSN-V J163949.21+490658.9
8132,ZTF18acdxeul,DSCT,339.046767034762,45.646045320476205,ASASSN,ASASSN-V J223611.25+453846.0
8133,ZTF18abilhvy,DSCT,342.6112363548611,52.1380611611111,ASASSN,ASASSN-V J225026.69+520817.3
8134,ZTF18abjhasm,DSCT,306.82456076944453,26.30543581944445,ASASSN,ASASSN-V J202717.94+261819.7
8135,ZTF18aatngdx,DSCT,270.7186438328125,21.5308512296875,ASASSN,ASASSN-V J180252.44+213150.8
8136,ZTF18aboquby,DSCT,302.3711956983335,19.087365341666647,ASASSN,ASASSN-V J200929.10+190514.7
8137,ZTF18aaldfgs,DSCT,265.3597241488,56.017835568,ASASSN,ASASSN-V J174126.31+560104.8
8138,ZTF18abgxnkk,DSCT,273.5810179496575,18.22208612260275,ASASSN,ASASSN-V J181419.47+181319.7
8139,ZTF18abtyqwh,DSCT,11.096143718478247,28.22059885652175,ASASSN,ASASSN-V J004423.08+281313.9
8140,ZTF18aazwday,DSCT,348.323465487656,58.49175740328126,ASASSN,ASASSN-V J231317.67+582930.5
8141,ZTF18aaxnbix,DSCT,298.59562790377004,15.260630959127,ASASSN,ASASSN-V J195422.99+151538.2
8142,ZTF18abvbsmh,DSCT,317.880725653846,38.19863551971153,ASASSN,ASASSN-V J211131.39+381155.2
8143,ZTF18acyyhfr,DSCT,220.88387271323555,-8.459286797058825,ASASSN,ASASSN-V J144332.16-082733.3
8144,ZTF18abnjsfs,DSCT,269.457212011828,-0.2831942424731185,ASASSN,ASASSN-V J175749.74-001659.5
8145,ZTF18accpuxm,DSCT,323.4014861255555,-7.67172120222222,ASASSN,ASASSN-V J213336.33-074017.7
8146,ZTF18abmrfjm,DSCT,304.96852634807703,-0.3001053019230769,ASASSN,ASASSN-V J201952.45-001800.4
8147,ZTF18aboshog,DSCT,359.37885119233454,43.1941798139373,ASASSN,ASASSN-V J235730.94+431139.1
8148,ZTF18abklcls,DSCT,249.31146944848496,1.93706094747475,ASASSN,ASASSN-V J163714.75+015613.3
8149,ZTF18aawbrek,DSCT,301.9369175021105,35.38999767694805,ASASSN,ASASSN-V J200744.86+352323.9
8150,ZTF18abybzcg,DSCT,351.78422687105245,37.20469791666665,ASASSN,ASASSN-V J232708.21+371217.3
8151,ZTF18abnoxmz,DSCT,293.36650751384605,-2.11712042923077,ASASSN,ASASSN-V J193327.98-020701.7
8152,ZTF18abofikw,DSCT,279.96513759705897,-23.96026431764705,ASASSN,ASASSN-V J183951.60-235736.9
8153,ZTF18abeymyp,DSCT,283.3527341813725,20.204813832352947,ASASSN,ASASSN-V J185324.64+201217.1
8154,ZTF18aaotlkb,DSCT,203.470685945,55.511320534,ASASSN,ASASSN-V J133353.00+553040.4
